radius,degree,feature_scale_px,detection_rate,detection_magnitude,white_noise_gain,threshold
2,3,2,1.00000000000000000e+00,9.42808416403812855e-01,9.02777777777777235e-01,2.63472475434593061e-02
2,3,4,1.00000000000000000e+00,8.85845054514358576e-01,9.02777777777777235e-01,2.63472475434593061e-02
2,3,8,1.00000000000000000e+00,8.24957377524228597e-01,9.02777777777777235e-01,2.63472475434593061e-02
2,3,16,0.00000000000000000e+00,2.12680560953624092e-07,9.02777777777777235e-01,2.63472475434593061e-02
2,3,32,0.00000000000000000e+00,2.38602748916929148e-07,9.02777777777777235e-01,2.63472475434593061e-02
2,3,64,0.00000000000000000e+00,2.00085663852743542e-07,9.02777777777777235e-01,2.63472475434593061e-02
2,3,128,0.00000000000000000e+00,2.72328859820004226e-07,9.02777777777777235e-01,2.63472475434593061e-02
2,3,256,0.00000000000000000e+00,3.08299987748175448e-07,9.02777777777777235e-01,2.63472475434593061e-02
3,5,2,1.00000000000000000e+00,9.00651326208728786e-01,6.10498412698408655e-01,2.16664166909261505e-02
3,5,4,1.00000000000000000e+00,7.40400390521912755e-01,6.10498412698408655e-01,2.16664166909261505e-02
3,5,8,1.00000000000000000e+00,7.44387213450877105e-01,6.10498412698408655e-01,2.16664166909261505e-02
3,5,16,0.00000000000000000e+00,2.07299109745881392e-07,6.10498412698408655e-01,2.16664166909261505e-02
3,5,32,0.00000000000000000e+00,2.67556070306497952e-07,6.10498412698408655e-01,2.16664166909261505e-02
3,5,64,0.00000000000000000e+00,2.17532332770279565e-07,6.10498412698408655e-01,2.16664166909261505e-02
3,5,128,0.00000000000000000e+00,3.11050436747555137e-07,6.10498412698408655e-01,2.16664166909261505e-02
3,5,256,0.00000000000000000e+00,3.33409441812491688e-07,6.10498412698408655e-01,2.16664166909261505e-02
4,5,2,1.00000000000000000e+00,4.22465721549514450e-01,1.95697720122920693e-01,1.22669813447840569e-02
4,5,4,1.00000000000000000e+00,6.16800135379363068e-01,1.95697720122920693e-01,1.22669813447840569e-02
4,5,8,1.00000000000000000e+00,5.99664678766042680e-01,1.95697720122920693e-01,1.22669813447840569e-02
4,5,16,0.00000000000000000e+00,1.49019580952852488e-07,1.95697720122920693e-01,1.22669813447840569e-02
4,5,32,0.00000000000000000e+00,1.77831855819879351e-07,1.95697720122920693e-01,1.22669813447840569e-02
4,5,64,0.00000000000000000e+00,2.00261729921842308e-07,1.95697720122920693e-01,1.22669813447840569e-02
4,5,128,0.00000000000000000e+00,1.49599381310822466e-07,1.95697720122920693e-01,1.22669813447840569e-02
4,5,256,0.00000000000000000e+00,2.54892486985631883e-07,1.95697720122920693e-01,1.22669813447840569e-02
5,9,2,1.00000000000000000e+00,8.60574646602992877e-01,6.16569765028770922e-01,2.17738854520895218e-02
5,9,4,1.00000000000000000e+00,8.21108822346154454e-01,6.16569765028770922e-01,2.17738854520895218e-02
5,9,8,1.00000000000000000e+00,6.82547788454927362e-01,6.16569765028770922e-01,2.17738854520895218e-02
5,9,16,1.00000000000000000e+00,3.92925658067238559e-02,6.16569765028770922e-01,2.17738854520895218e-02
5,9,32,0.00000000000000000e+00,2.76377171907123104e-07,6.16569765028770922e-01,2.17738854520895218e-02
5,9,64,0.00000000000000000e+00,2.98226494163644468e-07,6.16569765028770922e-01,2.17738854520895218e-02
5,9,128,0.00000000000000000e+00,3.47317351607178351e-07,6.16569765028770922e-01,2.17738854520895218e-02
5,9,256,0.00000000000000000e+00,4.24933607043379564e-07,6.16569765028770922e-01,2.17738854520895218e-02
7,9,2,1.00000000000000000e+00,3.11290983390349218e-01,1.33947221769099345e-01,1.01487294928190638e-02
7,9,4,1.00000000000000000e+00,6.58628445394525031e-01,1.33947221769099345e-01,1.01487294928190638e-02
7,9,8,1.00000000000000000e+00,5.27432818119719204e-01,1.33947221769099345e-01,1.01487294928190638e-02
7,9,16,1.00000000000000000e+00,8.52307555668535832e-02,1.33947221769099345e-01,1.01487294928190638e-02
7,9,32,0.00000000000000000e+00,1.65147272603294423e-07,1.33947221769099345e-01,1.01487294928190638e-02
7,9,64,0.00000000000000000e+00,1.57351797154204330e-07,1.33947221769099345e-01,1.01487294928190638e-02
7,9,128,0.00000000000000000e+00,1.40009819614943140e-07,1.33947221769099345e-01,1.01487294928190638e-02
7,9,256,0.00000000000000000e+00,1.75073329706897326e-07,1.33947221769099345e-01,1.01487294928190638e-02
9,11,2,1.00000000000000000e+00,2.31320905046428243e-01,8.86865062006638588e-02,8.25797559101004372e-03
9,11,4,1.00000000000000000e+00,5.77330800364868169e-01,8.86865062006638588e-02,8.25797559101004372e-03
9,11,8,1.00000000000000000e+00,4.96337880692104993e-01,8.86865062006638588e-02,8.25797559101004372e-03
9,11,16,1.00000000000000000e+00,1.03761067440161781e-01,8.86865062006638588e-02,8.25797559101004372e-03
9,11,32,0.00000000000000000e+00,1.57616368646195465e-07,8.86865062006638588e-02,8.25797559101004372e-03
9,11,64,0.00000000000000000e+00,1.75874977350322134e-07,8.86865062006638588e-02,8.25797559101004372e-03
9,11,128,0.00000000000000000e+00,1.52655644750958811e-07,8.86865062006638588e-02,8.25797559101004372e-03
9,11,256,0.00000000000000000e+00,1.78858922374639505e-07,8.86865062006638588e-02,8.25797559101004372e-03
11,11,2,1.00000000000000000e+00,1.35120246441592179e-01,3.98865747762387965e-02,5.53806684433730614e-03
11,11,4,1.00000000000000000e+00,4.03743842708259693e-01,3.98865747762387965e-02,5.53806684433730614e-03
11,11,8,1.00000000000000000e+00,3.71947879924048319e-01,3.98865747762387965e-02,5.53806684433730614e-03
11,11,16,1.00000000000000000e+00,1.25043938035448027e-01,3.98865747762387965e-02,5.53806684433730614e-03
11,11,32,1.00000000000000000e+00,2.83112272587624295e-02,3.98865747762387965e-02,5.53806684433730614e-03
11,11,64,0.00000000000000000e+00,1.01347091879436034e-07,3.98865747762387965e-02,5.53806684433730614e-03
11,11,128,0.00000000000000000e+00,1.12414145719082307e-07,3.98865747762387965e-02,5.53806684433730614e-03
11,11,256,0.00000000000000000e+00,1.32313854576432128e-07,3.98865747762387965e-02,5.53806684433730614e-03
13,11,2,1.00000000000000000e+00,8.12132246938881280e-02,1.94710842136819190e-02,3.86936669578336317e-03
13,11,4,1.00000000000000000e+00,2.72342484598911083e-01,1.94710842136819190e-02,3.86936669578336317e-03
13,11,8,1.00000000000000000e+00,3.26801895773023598e-01,1.94710842136819190e-02,3.86936669578336317e-03
13,11,16,1.00000000000000000e+00,1.01360732071996196e-01,1.94710842136819190e-02,3.86936669578336317e-03
13,11,32,1.00000000000000000e+00,3.78287933587562186e-02,1.94710842136819190e-02,3.86936669578336317e-03
13,11,64,0.00000000000000000e+00,1.03529181925390676e-07,1.94710842136819190e-02,3.86936669578336317e-03
13,11,128,0.00000000000000000e+00,9.82125024430412721e-08,1.94710842136819190e-02,3.86936669578336317e-03
13,11,256,0.00000000000000000e+00,1.19809986705159840e-07,1.94710842136819190e-02,3.86936669578336317e-03
16,11,2,1.00000000000000000e+00,4.50242096678036344e-02,8.69626897467827044e-03,2.58589748469798680e-03
16,11,4,1.00000000000000000e+00,1.66150812822805360e-01,8.69626897467827044e-03,2.58589748469798680e-03
16,11,8,1.00000000000000000e+00,3.11765600021903344e-01,8.69626897467827044e-03,2.58589748469798680e-03
16,11,16,1.00000000000000000e+00,1.48123145211137980e-01,8.69626897467827044e-03,2.58589748469798680e-03
16,11,32,1.00000000000000000e+00,4.50760015002261982e-02,8.69626897467827044e-03,2.58589748469798680e-03
16,11,64,0.00000000000000000e+00,7.60753419611618001e-08,8.69626897467827044e-03,2.58589748469798680e-03
16,11,128,0.00000000000000000e+00,7.04596218566423890e-08,8.69626897467827044e-03,2.58589748469798680e-03
16,11,256,0.00000000000000000e+00,1.01181090276093956e-07,8.69626897467827044e-03,2.58589748469798680e-03
20,11,2,1.00000000000000000e+00,2.30208714159133195e-02,3.48123956430274658e-03,1.63610727991004949e-03
20,11,4,1.00000000000000000e+00,9.02935314868016925e-02,3.48123956430274658e-03,1.63610727991004949e-03
20,11,8,1.00000000000000000e+00,2.28832691017278017e-01,3.48123956430274658e-03,1.63610727991004949e-03
20,11,16,1.00000000000000000e+00,4.25999089581526047e-02,3.48123956430274658e-03,1.63610727991004949e-03
20,11,32,1.00000000000000000e+00,4.64272468718300926e-02,3.48123956430274658e-03,1.63610727991004949e-03
20,11,64,1.00000000000000000e+00,5.33953682266171716e-03,3.48123956430274658e-03,1.63610727991004949e-03
20,11,128,0.00000000000000000e+00,7.01626040073354216e-08,3.48123956430274658e-03,1.63610727991004949e-03
20,11,256,0.00000000000000000e+00,7.38144254298577410e-08,3.48123956430274658e-03,1.63610727991004949e-03
25,11,2,1.00000000000000000e+00,1.15916085625581700e-02,1.42973997912281166e-03,1.04851187240610506e-03
25,11,4,1.00000000000000000e+00,4.61808182122823568e-02,1.42973997912281166e-03,1.04851187240610506e-03
25,11,8,1.00000000000000000e+00,1.39703507498903590e-01,1.42973997912281166e-03,1.04851187240610506e-03
25,11,16,1.00000000000000000e+00,1.34318358748160588e-01,1.42973997912281166e-03,1.04851187240610506e-03
25,11,32,1.00000000000000000e+00,5.22278232882083318e-02,1.42973997912281166e-03,1.04851187240610506e-03
25,11,64,1.00000000000000000e+00,1.42975076346156613e-02,1.42973997912281166e-03,1.04851187240610506e-03
25,11,128,0.00000000000000000e+00,3.88126983043233948e-08,1.42973997912281166e-03,1.04851187240610506e-03
25,11,256,0.00000000000000000e+00,7.36741816207983052e-08,1.42973997912281166e-03,1.04851187240610506e-03
32,11,2,1.00000000000000000e+00,4.97223247086278717e-03,5.36579701044535276e-04,6.42335524342235601e-04
32,11,4,1.00000000000000000e+00,2.02968287296912131e-02,5.36579701044535276e-04,6.42335524342235601e-04
32,11,8,1.00000000000000000e+00,6.93588024268128323e-02,5.36579701044535276e-04,6.42335524342235601e-04
32,11,16,1.00000000000000000e+00,1.29910334622448942e-01,5.36579701044535276e-04,6.42335524342235601e-04
32,11,32,1.00000000000000000e+00,7.36649070495075109e-02,5.36579701044535276e-04,6.42335524342235601e-04
32,11,64,1.00000000000000000e+00,1.79546895433062501e-02,5.36579701044535276e-04,6.42335524342235601e-04
32,11,128,0.00000000000000000e+00,4.40964337741349184e-08,5.36579701044535276e-04,6.42335524342235601e-04
32,11,256,0.00000000000000000e+00,5.37389426432911927e-08,5.36579701044535276e-04,6.42335524342235601e-04
40,11,2,1.00000000000000000e+00,2.18895210096458964e-03,2.19488043208888449e-04,4.10818748342767388e-04
40,11,4,1.00000000000000000e+00,9.06438194535526265e-03,2.19488043208888449e-04,4.10818748342767388e-04
40,11,8,1.00000000000000000e+00,3.31388314544831253e-02,2.19488043208888449e-04,4.10818748342767388e-04
40,11,16,1.00000000000000000e+00,8.39291032616359955e-02,2.19488043208888449e-04,4.10818748342767388e-04
40,11,32,1.00000000000000000e+00,8.44170470224478615e-03,2.19488043208888449e-04,4.10818748342767388e-04
40,11,64,1.00000000000000000e+00,2.22302911524608487e-02,2.19488043208888449e-04,4.10818748342767388e-04
40,11,128,0.00000000000000000e+00,3.75105949448506550e-08,2.19488043208888449e-04,4.10818748342767388e-04
40,11,256,0.00000000000000000e+00,3.59863655961687438e-08,2.19488043208888449e-04,4.10818748342767388e-04
50,11,2,1.00000000000000000e+00,9.39520712969766454e-04,8.99855315042367542e-05,2.63045674581399746e-04
50,11,4,1.00000000000000000e+00,3.92674219187763747e-03,8.99855315042367542e-05,2.63045674581399746e-04
50,11,8,1.00000000000000000e+00,1.49747188750272483e-02,8.99855315042367542e-05,2.63045674581399746e-04
50,11,16,1.00000000000000000e+00,4.49975619415327807e-02,8.99855315042367542e-05,2.63045674581399746e-04
50,11,32,1.00000000000000000e+00,6.01106896502571209e-02,8.99855315042367542e-05,2.63045674581399746e-04
50,11,64,1.00000000000000000e+00,2.14799870286475070e-02,8.99855315042367542e-05,2.63045674581399746e-04
50,11,128,1.00000000000000000e+00,6.27455317864810368e-03,8.99855315042367542e-05,2.63045674581399746e-04
50,11,256,0.00000000000000000e+00,3.86691338661432345e-08,8.99855315042367542e-05,2.63045674581399746e-04
64,11,2,1.00000000000000000e+00,3.61322586238800418e-04,3.35342455061318436e-05,1.60579126620776278e-04
64,11,4,1.00000000000000000e+00,1.51999102405819841e-03,3.35342455061318436e-05,1.60579126620776278e-04
64,11,8,1.00000000000000000e+00,5.96612505246114488e-03,3.35342455061318436e-05,1.60579126620776278e-04
64,11,16,1.00000000000000000e+00,2.00155309564896342e-02,3.35342455061318436e-05,1.60579126620776278e-04
64,11,32,1.00000000000000000e+00,5.86936251649060048e-02,3.35342455061318436e-05,1.60579126620776278e-04
64,11,64,1.00000000000000000e+00,3.67400406385058401e-02,3.35342455061318436e-05,1.60579126620776278e-04
64,11,128,1.00000000000000000e+00,8.84946938384260744e-03,3.35342455061318436e-05,1.60579126620776278e-04
64,11,256,0.00000000000000000e+00,2.41582701846526270e-08,3.35342455061318436e-05,1.60579126620776278e-04
80,11,2,1.00000000000000000e+00,1.50693075424841532e-04,1.37408064245151919e-05,1.02790015718564197e-04
80,11,4,1.00000000000000000e+00,6.36258003586506532e-04,1.37408064245151919e-05,1.02790015718564197e-04
80,11,8,1.00000000000000000e+00,2.53794170284396287e-03,1.37408064245151919e-05,1.02790015718564197e-04
80,11,16,1.00000000000000000e+00,9.03545217719645653e-03,1.37408064245151919e-05,1.02790015718564197e-04
80,11,32,1.00000000000000000e+00,3.75337035828039040e-02,1.37408064245151919e-05,1.02790015718564197e-04
80,11,64,1.00000000000000000e+00,3.98969374317971730e-03,1.37408064245151919e-05,1.02790015718564197e-04
80,11,128,1.00000000000000000e+00,1.09694892035306600e-02,1.37408064245151919e-05,1.02790015718564197e-04
80,11,256,0.00000000000000000e+00,2.17728729036788229e-08,1.37408064245151919e-05,1.02790015718564197e-04
100,11,2,0.00000000000000000e+00,6.22697744675189478e-05,5.61431385062829413e-06,6.57042050483585887e-05
100,11,4,1.00000000000000000e+00,2.63531623371282987e-04,5.61431385062829413e-06,6.57042050483585887e-05
100,11,8,1.00000000000000000e+00,1.06204652660875712e-03,5.61431385062829413e-06,6.57042050483585887e-05
100,11,16,1.00000000000000000e+00,3.92411058057374335e-03,5.61431385062829413e-06,6.57042050483585887e-05
100,11,32,1.00000000000000000e+00,1.99005252827359411e-02,5.61431385062829413e-06,6.57042050483585887e-05
100,11,64,1.00000000000000000e+00,2.85916094562807532e-02,5.61431385062829413e-06,6.57042050483585887e-05
100,11,128,1.00000000000000000e+00,9.58599319118684512e-03,5.61431385062829413e-06,6.57042050483585887e-05
100,11,256,1.00000000000000000e+00,3.32937039070798756e-03,5.61431385062829413e-06,6.57042050483585887e-05
128,11,2,0.00000000000000000e+00,1.64679549778040801e-05,1.47298311312059712e-06,3.36545436293200404e-05
128,11,4,1.00000000000000000e+00,6.98178983565957232e-05,1.47298311312059712e-06,3.36545436293200404e-05
128,11,8,1.00000000000000000e+00,2.83718926632383261e-04,1.47298311312059712e-06,3.36545436293200404e-05
128,11,16,1.00000000000000000e+00,1.08081936513014206e-03,1.47298311312059712e-06,3.36545436293200404e-05
128,11,32,1.00000000000000000e+00,6.37811182928606571e-03,1.47298311312059712e-06,3.36545436293200404e-05
128,11,64,1.00000000000000000e+00,2.27273306661477624e-02,1.47298311312059712e-06,3.36545436293200404e-05
128,11,128,1.00000000000000000e+00,1.28067303282053020e-02,1.47298311312059712e-06,3.36545436293200404e-05
128,11,256,1.00000000000000000e+00,5.98466280633165506e-03,1.47298311312059712e-06,3.36545436293200404e-05
