frequency_cyc_px,orientation_deg,mag_error,phase_error,snr_or_severity
1.56250000000000000e-02,0.000000,-8.50217950054202309e-04,-1.53186950419215151e-04,1000
3.12500000000000000e-02,0.000000,-1.70931092682719832e-02,4.33230873152723461e-04,1000
6.25000000000000000e-02,0.000000,-2.72062243180189123e-01,6.99743988581857934e-04,1000
1.25000000000000000e-01,0.000000,-7.63078876891915558e-01,8.29749510823596381e-04,1000
2.50000000000000000e-01,0.000000,-1.56313535461285147e+00,3.14147827940305735e+00,1000
1.56250000000000000e-02,5.000000,-6.67254846832207593e-04,-1.25477927512385179e-04,1000
3.12500000000000000e-02,5.000000,-1.74972615765243977e-02,1.48518087913274144e-04,1000
6.25000000000000000e-02,5.000000,-2.72719350096994329e-01,-5.47979134948306523e-05,1000
1.25000000000000000e-01,5.000000,-7.62781352308601224e-01,1.85967235113437823e-05,1000
2.50000000000000000e-01,5.000000,-1.56396706495694326e+00,-3.14151459100952746e+00,1000
1.56250000000000000e-02,10.000000,-6.09251606760244369e-04,-1.65715412743239199e-05,1000
3.12500000000000000e-02,10.000000,-1.76470339555951095e-02,-6.91696326917679016e-05,1000
6.25000000000000000e-02,10.000000,-2.74052153406210253e-01,4.29109489310519621e-05,1000
1.25000000000000000e-01,10.000000,-7.61907718502271569e-01,9.11723865293367908e-08,1000
2.50000000000000000e-01,10.000000,-1.56531936781741576e+00,-3.14152736548536016e+00,1000
1.56250000000000000e-02,15.000000,-6.74305448801704177e-04,5.11987301021754604e-05,1000
3.12500000000000000e-02,15.000000,-1.78414661201641844e-02,7.41852880792315261e-05,1000
6.25000000000000000e-02,15.000000,-2.76058900199212143e-01,4.94101380343892060e-05,1000
1.25000000000000000e-01,15.000000,-7.60807374083784849e-01,-6.82830761551400656e-05,1000
2.50000000000000000e-01,15.000000,-1.56495564639331652e+00,3.14152558293730699e+00,1000
1.56250000000000000e-02,20.000000,-6.72373163719000577e-04,3.15954851570765527e-05,1000
3.12500000000000000e-02,20.000000,-1.81378471039260469e-02,-6.53603415941006460e-05,1000
6.25000000000000000e-02,20.000000,-2.78523925905156011e-01,6.02639526388060176e-05,1000
1.25000000000000000e-01,20.000000,-7.59914027599359332e-01,1.51845649751791711e-05,1000
2.50000000000000000e-01,20.000000,-1.56589477708525138e+00,-3.14156132658227660e+00,1000
1.56250000000000000e-02,25.000000,-6.93610029762106728e-04,-4.95717095323477963e-05,1000
3.12500000000000000e-02,25.000000,-1.84309019953441955e-02,-3.41376577992491548e-05,1000
6.25000000000000000e-02,25.000000,-2.81131199236532847e-01,-1.21154669734835352e-04,1000
1.25000000000000000e-01,25.000000,-7.59377639251878955e-01,3.30136734634223217e-05,1000
2.50000000000000000e-01,25.000000,-1.57001967116680885e+00,3.14156823094635307e+00,1000
1.56250000000000000e-02,30.000000,-6.98848514138525334e-04,-7.41590310902040528e-05,1000
3.12500000000000000e-02,30.000000,-1.86933786006918956e-02,2.25577384149744375e-06,1000
6.25000000000000000e-02,30.000000,-2.83556988472656146e-01,-3.52736926245711402e-05,1000
1.25000000000000000e-01,30.000000,-7.58867945266170185e-01,-8.07326756899762188e-05,1000
2.50000000000000000e-01,30.000000,-1.57027470094357113e+00,3.14127074169527098e+00,1000
1.56250000000000000e-02,35.000000,-7.14738985758342493e-04,-9.74563376576753626e-05,1000
3.12500000000000000e-02,35.000000,-1.89030157375326135e-02,2.24251942304576346e-06,1000
6.25000000000000000e-02,35.000000,-2.85551605689675414e-01,-5.45437349686039852e-06,1000
1.25000000000000000e-01,35.000000,-7.58057860176009735e-01,1.38546325882948906e-05,1000
2.50000000000000000e-01,35.000000,-1.56757316655900669e+00,-3.14152744068919532e+00,1000
1.56250000000000000e-02,40.000000,-7.13786606638386334e-04,4.54752206557884620e-05,1000
3.12500000000000000e-02,40.000000,-1.90666626198157108e-02,-3.60910569776606849e-05,1000
6.25000000000000000e-02,40.000000,-2.86821319634594729e-01,6.96271646898338759e-05,1000
1.25000000000000000e-01,40.000000,-7.57138029929538048e-01,-5.73791646214516504e-05,1000
2.50000000000000000e-01,40.000000,-1.56974700952180601e+00,3.14149115244735455e+00,1000
1.56250000000000000e-02,45.000000,-7.20884304702615331e-04,-1.01522145394383756e-04,1000
3.12500000000000000e-02,45.000000,-1.90900365478937351e-02,6.13989058990682679e-05,1000
6.25000000000000000e-02,45.000000,-2.87275499643651511e-01,-2.05533772078769772e-04,1000
1.25000000000000000e-01,45.000000,-7.56719956846656605e-01,8.35982597635620550e-06,1000
2.50000000000000000e-01,45.000000,-1.56902185819454121e+00,3.71838495851761763e-05,1000
1.56250000000000000e-02,50.000000,-7.26525711540429442e-04,2.56728003997785947e-05,1000
3.12500000000000000e-02,50.000000,-1.90433455109160210e-02,-7.24509144625073986e-05,1000
6.25000000000000000e-02,50.000000,-2.86824962637282965e-01,-6.21097180664165194e-06,1000
1.25000000000000000e-01,50.000000,-7.57139438253121466e-01,-1.01360452647192290e-04,1000
2.50000000000000000e-01,50.000000,-1.56974719085750358e+00,-3.14157975326137429e+00,1000
1.56250000000000000e-02,55.000000,-7.12361902957536763e-04,-8.70819073446327252e-05,1000
3.12500000000000000e-02,55.000000,-1.89214415700242888e-02,1.39294248167054491e-04,1000
6.25000000000000000e-02,55.000000,-2.85560452001786202e-01,-5.20143476978596198e-05,1000
1.25000000000000000e-01,55.000000,-7.58057017459127569e-01,-6.68996902106755442e-05,1000
2.50000000000000000e-01,55.000000,-1.56757307829357218e+00,3.14156593918529126e+00,1000
1.56250000000000000e-02,60.000000,-7.13477406980314588e-04,-1.59450498156132880e-05,1000
3.12500000000000000e-02,60.000000,-1.86820687229609372e-02,-3.17622783350124394e-05,1000
6.25000000000000000e-02,60.000000,-2.83554370960407587e-01,-4.35246407111122835e-05,1000
1.25000000000000000e-01,60.000000,-7.58866901649734249e-01,3.30287582470667473e-05,1000
2.50000000000000000e-01,60.000000,-1.57027461568745719e+00,3.14137318865432036e+00,1000
1.56250000000000000e-02,65.000000,-6.95880276027349698e-04,5.38129196212544514e-05,1000
3.12500000000000000e-02,65.000000,-1.84213902961310183e-02,2.15996759087566659e-05,1000
6.25000000000000000e-02,65.000000,-2.81122152300257000e-01,-7.13143130681714865e-06,1000
1.25000000000000000e-01,65.000000,-7.59376102667938757e-01,-7.20418713333614846e-05,1000
2.50000000000000000e-01,65.000000,-1.57001993480643187e+00,-3.14133561513836623e+00,1000
1.56250000000000000e-02,70.000000,-6.61332682680343398e-04,1.14614529560075340e-04,1000
3.12500000000000000e-02,70.000000,-1.81332070143829516e-02,1.01289842330487545e-04,1000
6.25000000000000000e-02,70.000000,-2.78521212268041218e-01,1.50201889193013471e-06,1000
1.25000000000000000e-01,70.000000,-7.59917620517135073e-01,1.00658046040535964e-05,1000
2.50000000000000000e-01,70.000000,-1.56589478503201196e+00,-3.14153347437368513e+00,1000
1.56250000000000000e-02,75.000000,-6.65229696849262142e-04,1.92456301029153565e-06,1000
3.12500000000000000e-02,75.000000,-1.78688864543841419e-02,2.74908819184460640e-05,1000
6.25000000000000000e-02,75.000000,-2.76062933164032853e-01,-4.40872008233839097e-06,1000
1.25000000000000000e-01,75.000000,-7.60808336235962446e-01,-1.45546800975893120e-05,1000
2.50000000000000000e-01,75.000000,-1.56495603459049004e+00,-3.14158947204617522e+00,1000
1.56250000000000000e-02,80.000000,-6.15232322295058975e-04,-6.93321081812747764e-05,1000
3.12500000000000000e-02,80.000000,-1.76716203701358376e-02,2.25702056404486484e-05,1000
6.25000000000000000e-02,80.000000,-2.74040828328387887e-01,1.22889243963530959e-04,1000
1.25000000000000000e-01,80.000000,-7.61907973327429877e-01,-3.15086860549484982e-05,1000
2.50000000000000000e-01,80.000000,-1.56531968414762690e+00,3.14154758307260185e+00,1000
1.56250000000000000e-02,85.000000,-6.55128121487727477e-04,-1.71446044856526925e-04,1000
3.12500000000000000e-02,85.000000,-1.75041480633687796e-02,8.27395041724798830e-05,1000
6.25000000000000000e-02,85.000000,-2.72744060297703483e-01,-8.38032675636313229e-05,1000
1.25000000000000000e-01,85.000000,-7.62782790631466368e-01,4.86684552378768842e-05,1000
2.50000000000000000e-01,85.000000,-1.56396674782863321e+00,3.14158040549434325e+00,1000
1.56250000000000000e-02,90.000000,-8.49698718640670703e-04,-2.04777603943107067e-04,1000
3.12500000000000000e-02,90.000000,-1.70858808261708794e-02,3.97071392404413359e-04,1000
6.25000000000000000e-02,90.000000,-2.72079995842194722e-01,7.10104923393295451e-04,1000
1.25000000000000000e-01,90.000000,-7.63082183584871232e-01,1.09323492489998841e-03,1000
2.50000000000000000e-01,90.000000,-1.56313533100335689e+00,-3.14151707736415897e+00,1000
1.56250000000000000e-02,95.000000,-6.79729511022367228e-04,7.18011598985768273e-05,1000
3.12500000000000000e-02,95.000000,-1.74857418942529763e-02,-1.14533236059699561e-05,1000
6.25000000000000000e-02,95.000000,-2.72738528236078415e-01,-3.99296059119258473e-05,1000
1.25000000000000000e-01,95.000000,-7.62780231091367167e-01,5.24409860380714576e-05,1000
2.50000000000000000e-01,95.000000,-1.56396686877407221e+00,3.14156626253361004e+00,1000
1.56250000000000000e-02,100.000000,-7.13923515263503727e-04,-4.03035099987292256e-05,1000
3.12500000000000000e-02,100.000000,-1.76516989475334896e-02,1.15611106510371542e-05,1000
6.25000000000000000e-02,100.000000,-2.74052977943142650e-01,-3.13150780542059692e-05,1000
1.25000000000000000e-01,100.000000,-7.61909759130653952e-01,-2.11502175986311158e-05,1000
2.50000000000000000e-01,100.000000,-1.56531869761276399e+00,3.14157878575364968e+00,1000
1.56250000000000000e-02,105.000000,-6.72135661959533115e-04,1.53288747029023398e-07,1000
3.12500000000000000e-02,105.000000,-1.78415608797488079e-02,2.07728717449562339e-05,1000
6.25000000000000000e-02,105.000000,-2.76056262234710748e-01,-3.01138763072472671e-05,1000
1.25000000000000000e-01,105.000000,-7.60807954389145169e-01,-7.07811840650052204e-05,1000
2.50000000000000000e-01,105.000000,-1.56495535538006658e+00,-3.14156980454667911e+00,1000
1.56250000000000000e-02,110.000000,-6.65772526551922095e-04,-7.46715365425032473e-05,1000
3.12500000000000000e-02,110.000000,-1.81326246536796243e-02,1.22823061854404614e-06,1000
6.25000000000000000e-02,110.000000,-2.78510361214153623e-01,-1.62328848007931015e-05,1000
1.25000000000000000e-01,110.000000,-7.59916437970414527e-01,1.43406518562372298e-05,1000
2.50000000000000000e-01,110.000000,-1.56589447060189269e+00,-3.14157822076786086e+00,1000
1.56250000000000000e-02,115.000000,-6.88522172228173135e-04,-1.33411394162230579e-04,1000
3.12500000000000000e-02,115.000000,-1.84301958204048100e-02,-8.37810562526186686e-05,1000
6.25000000000000000e-02,115.000000,-2.81123599466007734e-01,5.84270002050857329e-05,1000
1.25000000000000000e-01,115.000000,-7.59379793358725408e-01,1.68697819962204676e-05,1000
2.50000000000000000e-01,115.000000,-1.57002002362720816e+00,-3.14143210540911610e+00,1000
1.56250000000000000e-02,120.000000,-6.91228580714853269e-04,-5.80164319075038293e-06,1000
3.12500000000000000e-02,120.000000,-1.86822128864991555e-02,1.41416433203644942e-05,1000
6.25000000000000000e-02,120.000000,-2.83573994047895073e-01,-1.26169590475733173e-04,1000
1.25000000000000000e-01,120.000000,-7.58872074252437412e-01,-4.17463799724515638e-05,1000
2.50000000000000000e-01,120.000000,-1.57027467185161251e+00,3.14118776219468021e+00,1000
1.56250000000000000e-02,125.000000,-6.97621971455744672e-04,-5.90349846527615796e-05,1000
3.12500000000000000e-02,125.000000,-1.88927471129126945e-02,4.76016297463743854e-05,1000
6.25000000000000000e-02,125.000000,-2.85542674864464385e-01,5.81970027058176242e-05,1000
1.25000000000000000e-01,125.000000,-7.58057306183825275e-01,-5.44892907559102468e-05,1000
2.50000000000000000e-01,125.000000,-1.56757312950808902e+00,-3.14157134805416494e+00,1000
1.56250000000000000e-02,130.000000,-7.07919227680986474e-04,6.57987830834372289e-05,1000
3.12500000000000000e-02,130.000000,-1.90382428301196227e-02,-5.89286610770400898e-05,1000
6.25000000000000000e-02,130.000000,-2.86838673385544529e-01,-8.65883454181926027e-05,1000
1.25000000000000000e-01,130.000000,-7.57138755149615816e-01,1.13291884194843817e-04,1000
2.50000000000000000e-01,130.000000,-1.56974710913299376e+00,3.14141395861330963e+00,1000
1.56250000000000000e-02,135.000000,-7.16761101125257261e-04,7.73730222198842910e-05,1000
3.12500000000000000e-02,135.000000,-1.91095418567734376e-02,-1.99796279729547166e-05,1000
6.25000000000000000e-02,135.000000,-2.87279535450064460e-01,2.89534229773735774e-05,1000
1.25000000000000000e-01,135.000000,-7.56719414599207219e-01,-2.10070619433011530e-06,1000
2.50000000000000000e-01,135.000000,-1.56902209198163778e+00,5.70871006475570653e-05,1000
1.56250000000000000e-02,140.000000,-7.13506550107226301e-04,-2.09253787604168906e-05,1000
3.12500000000000000e-02,140.000000,-1.90404837500169344e-02,-1.87555037678421854e-05,1000
6.25000000000000000e-02,140.000000,-2.86824588007498771e-01,1.09031983276164368e-04,1000
1.25000000000000000e-01,140.000000,-7.57137758270527650e-01,-6.41504051497321370e-05,1000
2.50000000000000000e-01,140.000000,-1.56974721866837563e+00,3.14140273559845351e+00,1000
1.56250000000000000e-02,145.000000,-7.03264347098678244e-04,-4.42211822635485419e-05,1000
3.12500000000000000e-02,145.000000,-1.88926048803670921e-02,1.66887343162613888e-04,1000
6.25000000000000000e-02,145.000000,-2.85541148116083443e-01,-5.29672786093726700e-05,1000
1.25000000000000000e-01,145.000000,-7.58057176514672637e-01,-7.85012696589149073e-05,1000
2.50000000000000000e-01,145.000000,-1.56757327456828222e+00,-3.14154556310709321e+00,1000
1.56250000000000000e-02,150.000000,-7.04622722122141831e-04,1.50063616484175100e-05,1000
3.12500000000000000e-02,150.000000,-1.86737770912800138e-02,1.37940714166617795e-05,1000
6.25000000000000000e-02,150.000000,-2.83558272649380161e-01,-5.19582733327084156e-05,1000
1.25000000000000000e-01,150.000000,-7.58867982138198727e-01,-7.85273492640570225e-05,1000
2.50000000000000000e-01,150.000000,-1.57027471231143956e+00,-3.14148295614620654e+00,1000
1.56250000000000000e-02,155.000000,-6.76249208789073131e-04,1.10436298496274787e-04,1000
3.12500000000000000e-02,155.000000,-1.84261449134509314e-02,-2.44978121850536468e-05,1000
6.25000000000000000e-02,155.000000,-2.81126293910673619e-01,-5.16000317238862749e-05,1000
1.25000000000000000e-01,155.000000,-7.59377064244824096e-01,-5.76206188895866944e-06,1000
2.50000000000000000e-01,155.000000,-1.57001991644034877e+00,-3.14148341554645061e+00,1000
1.56250000000000000e-02,160.000000,-6.67878551730907710e-04,1.44385562169002668e-04,1000
3.12500000000000000e-02,160.000000,-1.81403794237109395e-02,-2.80251536435294213e-05,1000
6.25000000000000000e-02,160.000000,-2.78513402933975696e-01,-3.47481230296153853e-05,1000
1.25000000000000000e-01,160.000000,-7.59914600002121299e-01,6.93519599241909646e-05,1000
2.50000000000000000e-01,160.000000,-1.56589454703904440e+00,3.14150654265488871e+00,1000
1.56250000000000000e-02,165.000000,-6.68547747106840173e-04,8.36198455465009260e-05,1000
3.12500000000000000e-02,165.000000,-1.78468571727594394e-02,-6.18657760176333227e-05,1000
6.25000000000000000e-02,165.000000,-2.76058240068043026e-01,-1.34782603202765472e-05,1000
1.25000000000000000e-01,165.000000,-7.60812095403360700e-01,-6.94027243337558275e-05,1000
2.50000000000000000e-01,165.000000,-1.56495556892071663e+00,3.14155341000522270e+00,1000
1.56250000000000000e-02,170.000000,-7.19200062589270273e-04,1.15908818531629265e-04,1000
3.12500000000000000e-02,170.000000,-1.76365772857198788e-02,3.93209178595199660e-05,1000
6.25000000000000000e-02,170.000000,-2.74049889142283010e-01,-1.07862851525641901e-04,1000
1.25000000000000000e-01,170.000000,-7.61907920191655541e-01,-2.03784983670018960e-05,1000
2.50000000000000000e-01,170.000000,-1.56531932966618159e+00,3.14142993362178569e+00,1000
1.56250000000000000e-02,175.000000,-6.66561918536465181e-04,-9.82189352116691339e-06,1000
3.12500000000000000e-02,175.000000,-1.74674582759087316e-02,-1.04052295206713552e-05,1000
6.25000000000000000e-02,175.000000,-2.72729012930749470e-01,-6.17603176502612428e-05,1000
1.25000000000000000e-01,175.000000,-7.62779723063380488e-01,-8.17540512398906571e-06,1000
2.50000000000000000e-01,175.000000,-1.56396769366333399e+00,-3.14158883908128228e+00,1000
1.56250000000000000e-02,0.000000,-8.56058994930908312e-04,1.69076364078257768e-05,100
3.12500000000000000e-02,0.000000,-1.71221068480863492e-02,-2.68896181667699352e-05,100
6.25000000000000000e-02,0.000000,-2.72064204931424192e-01,5.73810871876467843e-04,100
1.25000000000000000e-01,0.000000,-7.63080577810610006e-01,9.67609597760876738e-04,100
2.50000000000000000e-01,0.000000,-1.56313613962929776e+00,3.14145149442134830e+00,100
1.56250000000000000e-02,5.000000,-6.75384778489093729e-04,-3.59058174409732089e-04,100
3.12500000000000000e-02,5.000000,-1.75787077449912899e-02,3.34608820078408087e-05,100
6.25000000000000000e-02,5.000000,-2.72725317241022336e-01,-2.81888730939705567e-04,100
1.25000000000000000e-01,5.000000,-7.62782618325327677e-01,-2.32417976866017284e-04,100
2.50000000000000000e-01,5.000000,-1.56396806535642052e+00,-3.14144832086708803e+00,100
1.56250000000000000e-02,10.000000,-5.93140292330679442e-04,5.24238359922435393e-05,100
3.12500000000000000e-02,10.000000,-1.76382566877504865e-02,2.26312308759801795e-05,100
6.25000000000000000e-02,10.000000,-2.74048590729307429e-01,5.17125682080177285e-05,100
1.25000000000000000e-01,10.000000,-7.61910556925506910e-01,-3.34321772621493096e-05,100
2.50000000000000000e-01,10.000000,-1.56531783996835583e+00,3.14148001787291520e+00,100
1.56250000000000000e-02,15.000000,-6.55098345902341284e-04,-2.28686167956571040e-04,100
3.12500000000000000e-02,15.000000,-1.78922103467386018e-02,-2.86316929036800616e-05,100
6.25000000000000000e-02,15.000000,-2.76053758226875556e-01,-2.82239251199634111e-04,100
1.25000000000000000e-01,15.000000,-7.60800060523939781e-01,1.03014674981416476e-05,100
2.50000000000000000e-01,15.000000,-1.56495298258538340e+00,3.14147683107385145e+00,100
1.56250000000000000e-02,20.000000,-6.60482756493455114e-04,-2.22844283428003109e-04,100
3.12500000000000000e-02,20.000000,-1.81431873614485428e-02,6.87218281090196115e-05,100
6.25000000000000000e-02,20.000000,-2.78495613551634658e-01,1.40474250854616400e-04,100
1.25000000000000000e-01,20.000000,-7.59914856230607283e-01,2.72161297834916382e-04,100
2.50000000000000000e-01,20.000000,-1.56589468527897790e+00,3.14141260968512803e+00,100
1.56250000000000000e-02,25.000000,-7.20768377513461567e-04,-2.01213192309701583e-04,100
3.12500000000000000e-02,25.000000,-1.84152637075992442e-02,1.03324921202130326e-04,100
6.25000000000000000e-02,25.000000,-2.81135634523367373e-01,4.18993682589796634e-04,100
1.25000000000000000e-01,25.000000,-7.59367832534318499e-01,-1.03229674180305153e-04,100
2.50000000000000000e-01,25.000000,-1.57001974218243578e+00,-3.14148131293786204e+00,100
1.56250000000000000e-02,30.000000,-7.00454758040494618e-04,1.56833465414063511e-04,100
3.12500000000000000e-02,30.000000,-1.86952786781402480e-02,-4.57445787107602087e-05,100
6.25000000000000000e-02,30.000000,-2.83521034417444362e-01,1.39499550001254136e-04,100
1.25000000000000000e-01,30.000000,-7.58871601788755901e-01,2.15085330205866399e-04,100
2.50000000000000000e-01,30.000000,-1.57027424647897607e+00,3.14111470137786775e+00,100
1.56250000000000000e-02,35.000000,-7.16762027897027698e-04,3.06685285280217101e-04,100
3.12500000000000000e-02,35.000000,-1.89028575862796033e-02,-3.99832758534390820e-04,100
6.25000000000000000e-02,35.000000,-2.85557564859396207e-01,-2.71812579512697994e-04,100
1.25000000000000000e-01,35.000000,-7.58067044553474179e-01,-1.36402038148020210e-04,100
2.50000000000000000e-01,35.000000,-1.56757369228874088e+00,3.14156580066930236e+00,100
1.56250000000000000e-02,40.000000,-7.00710473657981114e-04,2.36945147999989558e-05,100
3.12500000000000000e-02,40.000000,-1.90997548913164061e-02,-1.86832393047176026e-04,100
6.25000000000000000e-02,40.000000,-2.86847766053384745e-01,2.58926322799890585e-04,100
1.25000000000000000e-01,40.000000,-7.57143307215131234e-01,6.78466550789735834e-05,100
2.50000000000000000e-01,40.000000,-1.56974733232735231e+00,-3.14139179390910650e+00,100
1.56250000000000000e-02,45.000000,-7.47433400389754810e-04,-3.30380478487768414e-04,100
3.12500000000000000e-02,45.000000,-1.90874933908322109e-02,7.21623163757456609e-06,100
6.25000000000000000e-02,45.000000,-2.87252646520797961e-01,2.28978262827972401e-04,100
1.25000000000000000e-01,45.000000,-7.56718801754529213e-01,1.34059944723485813e-04,100
2.50000000000000000e-01,45.000000,-1.56902207408117200e+00,-5.86791916344697739e-04,100
1.56250000000000000e-02,50.000000,-7.51177597816371501e-04,1.72628216243086996e-04,100
3.12500000000000000e-02,50.000000,-1.90549906621297060e-02,4.80943187550764151e-05,100
6.25000000000000000e-02,50.000000,-2.86813745286930821e-01,6.29721954021889019e-05,100
1.25000000000000000e-01,50.000000,-7.57144266798340571e-01,4.27483797071914751e-06,100
2.50000000000000000e-01,50.000000,-1.56974702070584948e+00,-3.14098126055785087e+00,100
1.56250000000000000e-02,55.000000,-6.81840438035430374e-04,3.03985540286433320e-05,100
3.12500000000000000e-02,55.000000,-1.88938067459119841e-02,9.74344773219115723e-06,100
6.25000000000000000e-02,55.000000,-2.85560311042615478e-01,3.87302640625364347e-07,100
1.25000000000000000e-01,55.000000,-7.58062523530744992e-01,-1.48898108792483441e-04,100
2.50000000000000000e-01,55.000000,-1.56757417893794204e+00,-3.14149582014317286e+00,100
1.56250000000000000e-02,60.000000,-7.21667065963396692e-04,-1.93505572824825833e-04,100
3.12500000000000000e-02,60.000000,-1.87204113823335738e-02,5.68234351008278793e-05,100
6.25000000000000000e-02,60.000000,-2.83587921182571867e-01,3.92015371818654756e-04,100
1.25000000000000000e-01,60.000000,-7.58866689232878144e-01,-5.44194773866024661e-05,100
2.50000000000000000e-01,60.000000,-1.57027457904419987e+00,-3.14014414809438858e+00,100
1.56250000000000000e-02,65.000000,-6.96969361011948174e-04,2.32012736991027424e-04,100
3.12500000000000000e-02,65.000000,-1.83878735141775607e-02,7.62945287240412995e-05,100
6.25000000000000000e-02,65.000000,-2.81117474669298761e-01,-2.45352010908472806e-04,100
1.25000000000000000e-01,65.000000,-7.59379766233750808e-01,4.09894952611011831e-05,100
2.50000000000000000e-01,65.000000,-1.57001986795405912e+00,-3.14135451584838288e+00,100
1.56250000000000000e-02,70.000000,-6.35673062748198792e-04,1.77298701675709935e-05,100
3.12500000000000000e-02,70.000000,-1.81470930809996545e-02,1.96871006421517336e-05,100
6.25000000000000000e-02,70.000000,-2.78570965505553381e-01,-5.29133130613423930e-05,100
1.25000000000000000e-01,70.000000,-7.59907799410260432e-01,3.80971043112410257e-05,100
2.50000000000000000e-01,70.000000,-1.56589432331575407e+00,3.14137830027532772e+00,100
1.56250000000000000e-02,75.000000,-6.81409347116732067e-04,-9.86631137598337205e-05,100
3.12500000000000000e-02,75.000000,-1.78736627799606362e-02,1.04966126186045727e-04,100
6.25000000000000000e-02,75.000000,-2.76042944599542706e-01,5.10764803278718205e-04,100
1.25000000000000000e-01,75.000000,-7.60813236766911261e-01,3.17854829923192028e-06,100
2.50000000000000000e-01,75.000000,-1.56495562793938126e+00,3.14156890076511708e+00,100
1.56250000000000000e-02,80.000000,-6.03886407152795512e-04,2.12144925908486215e-04,100
3.12500000000000000e-02,80.000000,-1.76243339615054229e-02,-2.84162060157910901e-05,100
6.25000000000000000e-02,80.000000,-2.74053117544483915e-01,2.22065477483379681e-04,100
1.25000000000000000e-01,80.000000,-7.61910195594459605e-01,1.34827594002295825e-04,100
2.50000000000000000e-01,80.000000,-1.56532029920500126e+00,-3.14152588953356116e+00,100
1.56250000000000000e-02,85.000000,-6.72709948522046131e-04,3.98712137261725275e-05,100
3.12500000000000000e-02,85.000000,-1.75365121125199697e-02,-3.44501577673739234e-05,100
6.25000000000000000e-02,85.000000,-2.72722855037448531e-01,1.05542775133748989e-04,100
1.25000000000000000e-01,85.000000,-7.62782810359411978e-01,1.67541402907644965e-04,100
2.50000000000000000e-01,85.000000,-1.56396572302231296e+00,-3.14140380858037771e+00,100
1.56250000000000000e-02,90.000000,-8.29537663337598374e-04,-1.47671791768999583e-04,100
3.12500000000000000e-02,90.000000,-1.71054931271219512e-02,4.88890324829682754e-04,100
6.25000000000000000e-02,90.000000,-2.72045470258699074e-01,7.28132769583389461e-04,100
1.25000000000000000e-01,90.000000,-7.63072727190659994e-01,9.43144672549856011e-04,100
2.50000000000000000e-01,90.000000,-1.56313686424023524e+00,3.14147342586758871e+00,100
1.56250000000000000e-02,95.000000,-6.65876126462294771e-04,-2.33716869518119097e-04,100
3.12500000000000000e-02,95.000000,-1.74685647744982353e-02,-5.04003020704857363e-05,100
6.25000000000000000e-02,95.000000,-2.72697273786671968e-01,2.44381031447638009e-04,100
1.25000000000000000e-01,95.000000,-7.62774218863817910e-01,-4.21314293435059994e-05,100
2.50000000000000000e-01,95.000000,-1.56396786578390179e+00,-3.14149603087588769e+00,100
1.56250000000000000e-02,100.000000,-7.08782555980322360e-04,7.94966092465543284e-06,100
3.12500000000000000e-02,100.000000,-1.76318085223839127e-02,-1.81290778957787779e-04,100
6.25000000000000000e-02,100.000000,-2.74025651105047729e-01,-2.01648188471459378e-04,100
1.25000000000000000e-01,100.000000,-7.61899019530406951e-01,1.80294543899783832e-04,100
2.50000000000000000e-01,100.000000,-1.56531811675966237e+00,-3.14117518577828392e+00,100
1.56250000000000000e-02,105.000000,-6.61511391736452348e-04,-1.05824619143213283e-04,100
3.12500000000000000e-02,105.000000,-1.78728288883878150e-02,2.60913495928605244e-05,100
6.25000000000000000e-02,105.000000,-2.76054297028278217e-01,-7.18183566572605514e-06,100
1.25000000000000000e-01,105.000000,-7.60800414467478703e-01,3.83021317809095763e-04,100
2.50000000000000000e-01,105.000000,-1.56495654696973885e+00,-3.14151290125803140e+00,100
1.56250000000000000e-02,110.000000,-7.08200506758419057e-04,-2.38963958140381294e-04,100
3.12500000000000000e-02,110.000000,-1.82163398866578286e-02,1.18564739266524555e-05,100
6.25000000000000000e-02,110.000000,-2.78567350303056072e-01,-5.11350400130616833e-04,100
1.25000000000000000e-01,110.000000,-7.59907927346896050e-01,-4.09383953781095045e-05,100
2.50000000000000000e-01,110.000000,-1.56589718006166456e+00,3.14151094485867421e+00,100
1.56250000000000000e-02,115.000000,-7.05775626870006056e-04,-3.99341441910117112e-05,100
3.12500000000000000e-02,115.000000,-1.84354943256438142e-02,2.79111129033005056e-04,100
6.25000000000000000e-02,115.000000,-2.81156770472712647e-01,9.39902945429338388e-06,100
1.25000000000000000e-01,115.000000,-7.59385331191783086e-01,1.30868574989229103e-04,100
2.50000000000000000e-01,115.000000,-1.57001945030394241e+00,-3.14141434748731996e+00,100
1.56250000000000000e-02,120.000000,-6.93093861233881614e-04,-3.52085102989008192e-04,100
3.12500000000000000e-02,120.000000,-1.87385924077907162e-02,3.98454850900620272e-05,100
6.25000000000000000e-02,120.000000,-2.83563754481913954e-01,-1.32116828301054312e-04,100
1.25000000000000000e-01,120.000000,-7.58874988364437120e-01,-1.64491730970439676e-04,100
2.50000000000000000e-01,120.000000,-1.57027511759004423e+00,3.14063058566098707e+00,100
1.56250000000000000e-02,125.000000,-6.85700819687232177e-04,-1.61889834782158459e-05,100
3.12500000000000000e-02,125.000000,-1.89217151586407728e-02,-6.80840388085357517e-05,100
6.25000000000000000e-02,125.000000,-2.85568096201622101e-01,-7.54906462532289879e-05,100
1.25000000000000000e-01,125.000000,-7.58047541699444105e-01,2.48797039422488098e-04,100
2.50000000000000000e-01,125.000000,-1.56757407967298157e+00,3.14130343112545685e+00,100
1.56250000000000000e-02,130.000000,-6.86052676012099960e-04,2.55169532437093949e-05,100
3.12500000000000000e-02,130.000000,-1.90238877400672191e-02,-2.95666171794550792e-05,100
6.25000000000000000e-02,130.000000,-2.86815358645977070e-01,-2.01764633726675413e-04,100
1.25000000000000000e-01,130.000000,-7.57148355410048546e-01,2.77955752365777187e-05,100
2.50000000000000000e-01,130.000000,-1.56974768339067228e+00,-3.14136662373849962e+00,100
1.56250000000000000e-02,135.000000,-7.21811330795060768e-04,1.17986328114216832e-04,100
3.12500000000000000e-02,135.000000,-1.90912313658694321e-02,2.81978172364638624e-04,100
6.25000000000000000e-02,135.000000,-2.87267258869815301e-01,-3.20314905251084525e-04,100
1.25000000000000000e-01,135.000000,-7.56722409038406041e-01,-1.76464287378497175e-04,100
2.50000000000000000e-01,135.000000,-1.56902270331114613e+00,2.51720795021448396e-04,100
1.56250000000000000e-02,140.000000,-6.97954037587489307e-04,2.06204974970702892e-05,100
3.12500000000000000e-02,140.000000,-1.90157874776146762e-02,2.05621800274613520e-04,100
6.25000000000000000e-02,140.000000,-2.86772661300512932e-01,-4.21412872524840054e-04,100
1.25000000000000000e-01,140.000000,-7.57121586568606286e-01,-2.66852094404690376e-04,100
2.50000000000000000e-01,140.000000,-1.56974692988167042e+00,-3.14134423903838655e+00,100
1.56250000000000000e-02,145.000000,-6.75950581840542575e-04,-1.80577478037236006e-04,100
3.12500000000000000e-02,145.000000,-1.89193321892554833e-02,2.49302904424375527e-04,100
6.25000000000000000e-02,145.000000,-2.85567396673347518e-01,-2.17814298706375808e-04,100
1.25000000000000000e-01,145.000000,-7.58054200627422570e-01,-1.75957818765670737e-04,100
2.50000000000000000e-01,145.000000,-1.56757371815132185e+00,-3.14157628300440539e+00,100
1.56250000000000000e-02,150.000000,-7.27900331542422063e-04,8.19823931457186461e-05,100
3.12500000000000000e-02,150.000000,-1.86132352259602007e-02,-2.33910405952109102e-04,100
6.25000000000000000e-02,150.000000,-2.83563373403136920e-01,1.90448129252729359e-04,100
1.25000000000000000e-01,150.000000,-7.58864778793948869e-01,-5.27501203424485254e-05,100
2.50000000000000000e-01,150.000000,-1.57027523015935588e+00,3.14098254967068868e+00,100
1.56250000000000000e-02,155.000000,-7.15231304576777194e-04,3.47669311414389171e-04,100
3.12500000000000000e-02,155.000000,-1.84446103521529181e-02,-9.04887820727395820e-05,100
6.25000000000000000e-02,155.000000,-2.81134399551594416e-01,-2.66711886557580158e-04,100
1.25000000000000000e-01,155.000000,-7.59378717304996842e-01,3.42945703835084714e-07,100
2.50000000000000000e-01,155.000000,-1.57002027207104344e+00,3.14093979719594163e+00,100
1.56250000000000000e-02,160.000000,-6.75526449300009602e-04,9.85691731907323287e-05,100
3.12500000000000000e-02,160.000000,-1.81607387042330981e-02,1.31871010324857707e-04,100
6.25000000000000000e-02,160.000000,-2.78560925319663921e-01,-2.03418766594687384e-04,100
1.25000000000000000e-01,160.000000,-7.59914443465015577e-01,-1.60461919001875231e-04,100
2.50000000000000000e-01,160.000000,-1.56589515929154821e+00,3.14138974348146949e+00,100
1.56250000000000000e-02,165.000000,-6.69798821056416527e-04,2.77891822104248121e-04,100
3.12500000000000000e-02,165.000000,-1.78913181424872336e-02,-1.78435285995703907e-04,100
6.25000000000000000e-02,165.000000,-2.76092415507879330e-01,9.36770279778009751e-05,100
1.25000000000000000e-01,165.000000,-7.60807562790683511e-01,-4.14544955473772347e-05,100
2.50000000000000000e-01,165.000000,-1.56495456175153835e+00,-3.14146827857621203e+00,100
1.56250000000000000e-02,170.000000,-7.01548026725284934e-04,-2.54744531613670944e-04,100
3.12500000000000000e-02,170.000000,-1.76487656584033981e-02,1.61431181975757454e-04,100
6.25000000000000000e-02,170.000000,-2.74002732712354424e-01,-2.23091903544858638e-04,100
1.25000000000000000e-01,170.000000,-7.61908933848712500e-01,1.77843315545711533e-04,100
2.50000000000000000e-01,170.000000,-1.56531897300825529e+00,-3.14156022009172720e+00,100
1.56250000000000000e-02,175.000000,-6.71624249401758799e-04,-1.63243563544579473e-04,100
3.12500000000000000e-02,175.000000,-1.74532309784054263e-02,5.64237828495350868e-05,100
6.25000000000000000e-02,175.000000,-2.72711071153794005e-01,-4.24170682604696481e-04,100
1.25000000000000000e-01,175.000000,-7.62778231862772715e-01,-1.02357047564005654e-04,100
2.50000000000000000e-01,175.000000,-1.56396759172686117e+00,3.14117644743759250e+00,100
1.56250000000000000e-02,0.000000,-8.18574244909775484e-04,-1.16243679149441448e-03,10
3.12500000000000000e-02,0.000000,-1.72141037306041689e-02,6.04056623034754381e-04,10
6.25000000000000000e-02,0.000000,-2.72204961704128112e-01,9.14675992431668305e-04,10
1.25000000000000000e-01,0.000000,-7.63070820187137677e-01,7.09350165073452388e-04,10
2.50000000000000000e-01,0.000000,-1.56313507664094620e+00,-3.14104376413658315e+00,10
1.56250000000000000e-02,5.000000,-6.45424465521612922e-04,-1.64510554518981778e-03,10
3.12500000000000000e-02,5.000000,-1.75027178342306577e-02,-4.87960205136417358e-04,10
6.25000000000000000e-02,5.000000,-2.72772303700856533e-01,-8.51827383034908792e-05,10
1.25000000000000000e-01,5.000000,-7.62774405344101347e-01,2.39770510249037727e-04,10
2.50000000000000000e-01,5.000000,-1.56396791454722406e+00,-3.14147458163180282e+00,10
1.56250000000000000e-02,10.000000,-5.30881039290789780e-04,-5.82272253988769251e-04,10
3.12500000000000000e-02,10.000000,-1.76149986190894392e-02,-2.80260954048650035e-04,10
6.25000000000000000e-02,10.000000,-2.74068731534616250e-01,5.10673369358283225e-04,10
1.25000000000000000e-01,10.000000,-7.61924632118333389e-01,1.26035919009392927e-04,10
2.50000000000000000e-01,10.000000,-1.56531957503385710e+00,-3.14096475334100100e+00,10
1.56250000000000000e-02,15.000000,-6.92928727106828513e-04,8.64297538093694584e-04,10
3.12500000000000000e-02,15.000000,-1.79158775332760034e-02,-5.77225784308410539e-05,10
6.25000000000000000e-02,15.000000,-2.75964405564580240e-01,-6.64771775778838503e-04,10
1.25000000000000000e-01,15.000000,-7.60825486542288210e-01,6.99469252721129919e-04,10
2.50000000000000000e-01,15.000000,-1.56495769383377215e+00,3.14158620367171437e+00,10
1.56250000000000000e-02,20.000000,-6.37815125427085294e-04,-1.68553563907991588e-04,10
3.12500000000000000e-02,20.000000,-1.82721883781027383e-02,-1.71518093766920288e-04,10
6.25000000000000000e-02,20.000000,-2.78406940236710365e-01,-1.30228704736223833e-03,10
1.25000000000000000e-01,20.000000,-7.59920033686377727e-01,-1.78654748142736963e-03,10
2.50000000000000000e-01,20.000000,-1.56589764073047522e+00,3.14066470523172736e+00,10
1.56250000000000000e-02,25.000000,-6.16279833518862397e-04,-3.19544311982777884e-04,10
3.12500000000000000e-02,25.000000,-1.84251852831197604e-02,3.44178326221022957e-04,10
6.25000000000000000e-02,25.000000,-2.81290999301837763e-01,5.53254370250222394e-04,10
1.25000000000000000e-01,25.000000,-7.59379915098233438e-01,-6.57169903531595878e-04,10
2.50000000000000000e-01,25.000000,-1.57001858514861148e+00,-3.14045747163364108e+00,10
1.56250000000000000e-02,30.000000,-6.70755170840642290e-04,-1.37757086505008175e-03,10
3.12500000000000000e-02,30.000000,-1.86258515128177315e-02,-3.99512519263289789e-04,10
6.25000000000000000e-02,30.000000,-2.83735721174882383e-01,-1.71408507991799297e-04,10
1.25000000000000000e-01,30.000000,-7.58865268386814562e-01,-2.56442257153821629e-05,10
2.50000000000000000e-01,30.000000,-1.57027216159251837e+00,-3.13905000134069656e+00,10
1.56250000000000000e-02,35.000000,-5.94226971528569181e-04,3.22090280280740160e-04,10
3.12500000000000000e-02,35.000000,-1.89581417478365821e-02,-4.68189721508416312e-04,10
6.25000000000000000e-02,35.000000,-2.85526873755929611e-01,-1.05302514012262094e-03,10
1.25000000000000000e-01,35.000000,-7.58032998002188929e-01,1.06634143293060646e-03,10
2.50000000000000000e-01,35.000000,-1.56757080506986179e+00,-3.14111956164335338e+00,10
1.56250000000000000e-02,40.000000,-7.77877709101065795e-04,8.03815453191081275e-04,10
3.12500000000000000e-02,40.000000,-1.90077101123805881e-02,3.87347253865133467e-04,10
6.25000000000000000e-02,40.000000,-2.86777310460815671e-01,-2.05548576334813049e-04,10
1.25000000000000000e-01,40.000000,-7.57153078087572595e-01,-8.88049539672586263e-04,10
2.50000000000000000e-01,40.000000,-1.56974540471517643e+00,3.14117415259040378e+00,10
1.56250000000000000e-02,45.000000,-6.38232735572258347e-04,-4.00493641778965070e-04,10
3.12500000000000000e-02,45.000000,-1.88559437156573528e-02,-3.62415015199957224e-04,10
6.25000000000000000e-02,45.000000,-2.87274102192579706e-01,-6.91307323380740968e-04,10
1.25000000000000000e-01,45.000000,-7.56741453277470999e-01,-2.04157752562217354e-04,10
2.50000000000000000e-01,45.000000,-1.56902135555798172e+00,-9.63404586646898764e-04,10
1.56250000000000000e-02,50.000000,-6.45962989410026056e-04,-2.82351269404124139e-04,10
3.12500000000000000e-02,50.000000,-1.90867351513614725e-02,1.21563153896264708e-03,10
6.25000000000000000e-02,50.000000,-2.86913052819376624e-01,-5.70424168833127965e-05,10
1.25000000000000000e-01,50.000000,-7.57129723809280786e-01,4.97396676277794825e-05,10
2.50000000000000000e-01,50.000000,-1.56974814632855963e+00,3.14120199094706098e+00,10
1.56250000000000000e-02,55.000000,-6.79801826480710969e-04,7.90642170649391574e-05,10
3.12500000000000000e-02,55.000000,-1.88789454221112984e-02,2.04101836288828054e-04,10
6.25000000000000000e-02,55.000000,-2.85552720791830528e-01,-2.37863028568874313e-04,10
1.25000000000000000e-01,55.000000,-7.58070730779567881e-01,-4.72558827069313736e-04,10
2.50000000000000000e-01,55.000000,-1.56757219236921608e+00,3.14057946565923807e+00,10
1.56250000000000000e-02,60.000000,-8.17024402010355089e-04,6.42856800674884710e-04,10
3.12500000000000000e-02,60.000000,-1.88076870045159605e-02,8.41583131188539113e-04,10
6.25000000000000000e-02,60.000000,-2.83513255779501927e-01,2.81982784120060614e-04,10
1.25000000000000000e-01,60.000000,-7.58849294818787046e-01,-2.07702200980541818e-04,10
2.50000000000000000e-01,60.000000,-1.57027407168323196e+00,3.14141884281885364e+00,10
1.56250000000000000e-02,65.000000,-7.53067004119589711e-04,-8.35716797523033961e-04,10
3.12500000000000000e-02,65.000000,-1.85484338828374173e-02,1.19842935006708728e-03,10
6.25000000000000000e-02,65.000000,-2.81030149082029002e-01,4.65409010207640250e-04,10
1.25000000000000000e-01,65.000000,-7.59390818790638633e-01,-1.24945632400397244e-05,10
2.50000000000000000e-01,65.000000,-1.57002030767779965e+00,-3.13798774084795573e+00,10
1.56250000000000000e-02,70.000000,-7.09346331906127170e-04,5.42233838751293717e-04,10
3.12500000000000000e-02,70.000000,-1.80104677720157869e-02,-1.91971404544100110e-03,10
6.25000000000000000e-02,70.000000,-2.78504996745142563e-01,-1.40565804171544073e-04,10
1.25000000000000000e-01,70.000000,-7.59916836532099071e-01,-7.62494958016723956e-04,10
2.50000000000000000e-01,70.000000,-1.56589112545452891e+00,3.14019614756960408e+00,10
1.56250000000000000e-02,75.000000,-6.66860741031047310e-04,-3.00985799243758123e-04,10
3.12500000000000000e-02,75.000000,-1.77733917899095262e-02,1.06651381037359272e-03,10
6.25000000000000000e-02,75.000000,-2.76146190733006724e-01,6.28449400449149209e-04,10
1.25000000000000000e-01,75.000000,-7.60800442215581185e-01,4.82101309406068879e-04,10
2.50000000000000000e-01,75.000000,-1.56496138653141115e+00,3.14148228599096591e+00,10
1.56250000000000000e-02,80.000000,-5.68460372184442786e-04,5.46281480255039753e-04,10
3.12500000000000000e-02,80.000000,-1.77942400693783809e-02,-4.18294146290243418e-04,10
6.25000000000000000e-02,80.000000,-2.74051175601185804e-01,1.87991364688500084e-05,10
1.25000000000000000e-01,80.000000,-7.61933110258244173e-01,-3.89393384847558366e-05,10
2.50000000000000000e-01,80.000000,-1.56532038969866738e+00,3.14148563272471559e+00,10
1.56250000000000000e-02,85.000000,-6.34634871147163326e-04,-8.49971832991514020e-04,10
3.12500000000000000e-02,85.000000,-1.74620671762779067e-02,-1.32011553407807014e-04,10
6.25000000000000000e-02,85.000000,-2.72736033167024383e-01,8.64600489111744253e-04,10
1.25000000000000000e-01,85.000000,-7.62781971370895984e-01,1.60224442981249382e-04,10
2.50000000000000000e-01,85.000000,-1.56397264642771083e+00,3.14020048342976388e+00,10
1.56250000000000000e-02,90.000000,-7.55799087163305794e-04,2.32611225486678563e-04,10
3.12500000000000000e-02,90.000000,-1.69230053718223139e-02,1.26625727751861206e-03,10
6.25000000000000000e-02,90.000000,-2.72016202769326587e-01,7.30826174344834101e-04,10
1.25000000000000000e-01,90.000000,-7.63084973564865154e-01,5.82430805629030601e-04,10
2.50000000000000000e-01,90.000000,-1.56314362541171925e+00,-3.14151181614733632e+00,10
1.56250000000000000e-02,95.000000,-6.71757541854126061e-04,-5.09146459188869471e-05,10
3.12500000000000000e-02,95.000000,-1.74664034476846586e-02,-9.46898167657472811e-05,10
6.25000000000000000e-02,95.000000,-2.72785218488994508e-01,5.16665513266900689e-04,10
1.25000000000000000e-01,95.000000,-7.62794244250412645e-01,-2.70218270359112722e-04,10
2.50000000000000000e-01,95.000000,-1.56396156712119838e+00,3.13990765579103837e+00,10
1.56250000000000000e-02,100.000000,-7.21848735438970768e-04,9.74601275881781248e-04,10
3.12500000000000000e-02,100.000000,-1.76586287448116941e-02,-4.26015184051387052e-04,10
6.25000000000000000e-02,100.000000,-2.74029083729265155e-01,1.70331205106677430e-04,10
1.25000000000000000e-01,100.000000,-7.61921895210251998e-01,4.43396594650202758e-04,10
2.50000000000000000e-01,100.000000,-1.56532238117461864e+00,-3.14136479827936244e+00,10
1.56250000000000000e-02,105.000000,-5.73621006221394780e-04,-8.70225469400409679e-05,10
3.12500000000000000e-02,105.000000,-1.79789376309080762e-02,6.31394521946937459e-04,10
6.25000000000000000e-02,105.000000,-2.76106791886754133e-01,-9.89772118049181415e-04,10
1.25000000000000000e-01,105.000000,-7.60817212049711866e-01,3.62280406265291788e-04,10
2.50000000000000000e-01,105.000000,-1.56495543960134453e+00,-3.14157229890677314e+00,10
1.56250000000000000e-02,110.000000,-7.23851453754753571e-04,-5.61133723824269737e-04,10
3.12500000000000000e-02,110.000000,-1.81842289461296436e-02,4.94396315896317162e-04,10
6.25000000000000000e-02,110.000000,-2.78481054232843750e-01,2.55189593642679569e-04,10
1.25000000000000000e-01,110.000000,-7.59942816675239885e-01,-3.66038095608089975e-04,10
2.50000000000000000e-01,110.000000,-1.56589305893786701e+00,3.14095962452722688e+00,10
1.56250000000000000e-02,115.000000,-5.99617516299250086e-04,-6.78805000517535007e-04,10
3.12500000000000000e-02,115.000000,-1.83439488969832087e-02,6.53798459224752548e-04,10
6.25000000000000000e-02,115.000000,-2.81023773787973219e-01,1.28549484786866230e-03,10
1.25000000000000000e-01,115.000000,-7.59372284573020084e-01,-9.94680124821734069e-04,10
2.50000000000000000e-01,115.000000,-1.57001995367616942e+00,3.14006866150176123e+00,10
1.56250000000000000e-02,120.000000,-6.92906337139947981e-04,-8.51154969549572371e-04,10
3.12500000000000000e-02,120.000000,-1.86554697101357081e-02,-3.83006227843374347e-04,10
6.25000000000000000e-02,120.000000,-2.83494664938579721e-01,3.31057156355285542e-06,10
1.25000000000000000e-01,120.000000,-7.58868524752754792e-01,1.30512202911603481e-04,10
2.50000000000000000e-01,120.000000,-1.57027355076307717e+00,3.14008017181621213e+00,10
1.56250000000000000e-02,125.000000,-7.37698206438430759e-04,-9.67518282002366448e-05,10
3.12500000000000000e-02,125.000000,-1.87842869852425098e-02,4.08631262684977514e-04,10
6.25000000000000000e-02,125.000000,-2.85467214114377366e-01,-2.87244009494092012e-04,10
1.25000000000000000e-01,125.000000,-7.58058616387514705e-01,4.79282168637684691e-04,10
2.50000000000000000e-01,125.000000,-1.56757369141740188e+00,3.14123247351904666e+00,10
1.56250000000000000e-02,130.000000,-7.84199798129339709e-04,-3.20727083129135337e-04,10
3.12500000000000000e-02,130.000000,-1.90111494064086339e-02,-2.71041291386886485e-04,10
6.25000000000000000e-02,130.000000,-2.86781806627518066e-01,6.70071481819967119e-04,10
1.25000000000000000e-01,130.000000,-7.57128506837664750e-01,-5.80434204686675059e-04,10
2.50000000000000000e-01,130.000000,-1.56974706733863556e+00,3.14040034632488485e+00,10
1.56250000000000000e-02,135.000000,-7.49995673736000845e-04,-3.61325945114288061e-04,10
3.12500000000000000e-02,135.000000,-1.91239794149858644e-02,-6.41438868317134592e-04,10
6.25000000000000000e-02,135.000000,-2.87248553555080111e-01,-1.84640582799655562e-04,10
1.25000000000000000e-01,135.000000,-7.56724169323638063e-01,5.51241428358828500e-04,10
2.50000000000000000e-01,135.000000,-1.56901977352558752e+00,1.79349860975008824e-03,10
1.56250000000000000e-02,140.000000,-6.26569418063466221e-04,3.78463088573699480e-04,10
3.12500000000000000e-02,140.000000,-1.91317525328230653e-02,2.74660882330302059e-04,10
6.25000000000000000e-02,140.000000,-2.86916505014509104e-01,3.55111376241445953e-04,10
1.25000000000000000e-01,140.000000,-7.57175645726341218e-01,-1.47976880707023639e-03,10
2.50000000000000000e-01,140.000000,-1.56974734656732817e+00,-3.14063691233466491e+00,10
1.56250000000000000e-02,145.000000,-8.05265616236547355e-04,6.21544240837046402e-04,10
3.12500000000000000e-02,145.000000,-1.90246177421274643e-02,5.71989363296054876e-05,10
6.25000000000000000e-02,145.000000,-2.85565827406100925e-01,-4.82000014465633342e-04,10
1.25000000000000000e-01,145.000000,-7.58052741621006998e-01,-4.09994409436009732e-04,10
2.50000000000000000e-01,145.000000,-1.56757567260315001e+00,-3.14104170127161186e+00,10
1.56250000000000000e-02,150.000000,-6.45102104426226175e-04,5.35948012077902547e-04,10
3.12500000000000000e-02,150.000000,-1.87236547388547336e-02,-1.38646419832300083e-03,10
6.25000000000000000e-02,150.000000,-2.83563859140535501e-01,4.75494401418696810e-04,10
1.25000000000000000e-01,150.000000,-7.58850929535914598e-01,4.01138954225999100e-04,10
2.50000000000000000e-01,150.000000,-1.57027361302341828e+00,-3.13998118902055001e+00,10
1.56250000000000000e-02,155.000000,-6.68730478162751774e-04,5.42934737191025363e-04,10
3.12500000000000000e-02,155.000000,-1.83773889354126030e-02,-5.37753765522452909e-04,10
6.25000000000000000e-02,155.000000,-2.81046749083471381e-01,5.66646123849601224e-04,10
1.25000000000000000e-01,155.000000,-7.59361811056880387e-01,2.65733381615618214e-04,10
2.50000000000000000e-01,155.000000,-1.57002060344660421e+00,-3.14075766718007632e+00,10
1.56250000000000000e-02,160.000000,-6.69137256422064342e-04,1.70616276133461753e-04,10
3.12500000000000000e-02,160.000000,-1.81968578955455929e-02,-4.76762344869818833e-04,10
6.25000000000000000e-02,160.000000,-2.78473734133456219e-01,6.98254946716048153e-05,10
1.25000000000000000e-01,160.000000,-7.59905361657587375e-01,-3.40675769431975084e-04,10
2.50000000000000000e-01,160.000000,-1.56589675762896063e+00,-3.14116125745186991e+00,10
1.56250000000000000e-02,165.000000,-6.57833349223063690e-04,-8.57368011246251172e-04,10
3.12500000000000000e-02,165.000000,-1.79660433180937607e-02,6.15439168186959762e-04,10
6.25000000000000000e-02,165.000000,-2.76085443175809797e-01,-7.16486112297687328e-04,10
1.25000000000000000e-01,165.000000,-7.60792936683952981e-01,3.51258248661778794e-04,10
2.50000000000000000e-01,165.000000,-1.56496035069841954e+00,-3.14051674788205215e+00,10
1.56250000000000000e-02,170.000000,-7.57702773464319357e-04,-3.80439904573481869e-04,10
3.12500000000000000e-02,170.000000,-1.77903013656923459e-02,9.74921803782002883e-04,10
6.25000000000000000e-02,170.000000,-2.74067479465565533e-01,3.12930544852818571e-04,10
1.25000000000000000e-01,170.000000,-7.61921709510505751e-01,-1.91475877892699486e-04,10
2.50000000000000000e-01,170.000000,-1.56532510723762996e+00,-3.14055774120992748e+00,10
1.56250000000000000e-02,175.000000,-7.28164931939043192e-04,7.16649527099377792e-06,10
3.12500000000000000e-02,175.000000,-1.75147275357329935e-02,-1.79502606816761556e-04,10
6.25000000000000000e-02,175.000000,-2.72735596278029235e-01,-1.64609833168682940e-04,10
1.25000000000000000e-01,175.000000,-7.62780963602040396e-01,-2.37169845792806200e-04,10
2.50000000000000000e-01,175.000000,-1.56396645627943953e+00,3.14106934015422201e+00,10
